text,label
听到听到,其它
那好嘞好嘞,其它
我现在在开会,其它
你们的额度能否循环使用,额度是否循环
行好,其它
这会儿不方便,其它
我急用钱,询问贷款速度
我觉得我没啥用,其它
以前那个都还可以怎么现在四个月,审核时间
我也不知道反正我又玩儿完你看抱歉,其它
我很忙,其它
你喜欢看电影吗,私人信息
恁那个不是幺零零八六幺零零八五嘞,询问身份或来意
好你发过来吧,其它
活,其它
没有,其它
下载你家的app我从什么地方,提交材料
我讲话你听不到是吧？,客户提意见
干啥,询问身份或来意
太多有,其它
你是客服还是机器人吗,是否机器人
就这个,其它
这个欠款征信吗,是否上征信
余多少钱,询问如何还款
我不用,其它
你们说这个注册都需要填写什么,提交材料
手续费是多少,询问手续费
没空,其它
我能知道额外的优惠吗,客服不专业
我说你这里会不会影响个人真信,是否上征信
什么时间有贷款,询问贷款速度
好好好行行好嘞,其它
嗯,其它
你们这我能申请多少额度,询问额度
现在我那是送上班时间没有时间那个接电话,其它
是可以,其它
哦行你说是吧我听着,其它
你电话多少,询问联系方式
那是什么意思就是说得开通个套餐呗,其它
你这是移动公司的,询问身份或来意
哦不用我我这边我我现在想问一下你们比银行利率的话那你们现在这里是多少钱,询问利率
额度能循环吗,额度是否循环
我说我给你没法沟通我不想解,其它
我这边看到你给我度太低我怎么用,询问额度
我没房没有车也能贷款吗,征信差或无资产
哦好的好的,其它
嗯说吧,其它
哦我需要也不太想解,其它
要不要查我的真信,是否上征信
这么不专业你是怎么胜任这份工作的,客服不专业
怎么注销账户,其它
嗯给我办理一下子吧,其它
那我现在暂时用不到好吗,其它
要的,其它
嗯现在,其它
没信用卡,其它
哦对,其它
审核需要什么流程,提交材料
就行吗,其它
哦你给我说一下,其它
缴过,其它
知道我如果借五千元的话你给我的那些是多少,询问额度
恩可以现金吗,询问贷款现金
我超过八十岁,其它
你们拿听不懂,其它
那我能接多少钱,询问额度
块不影响到个人真信,是否上征信
再说再说我考虑一下,考虑
请问你是哪喂机器人,解释省呗
是你是谁,询问身份或来意
那我这边这个额度是多少,询问额度
这个额度的,询问额度
你们和花呗比好在哪里,公司优势
你声音太轻听不清楚,其它
你说你说你说你没事,其它
哦那不需要这个号他说,其它
最低是多少,询问额度
行行好,其它
能支付宝支付吗,询问如何还款
对你哪位,询问身份或来意
喂喂,其它
没有好,其它
您说的是什么省呗,解释省呗
对好的,其它
好好好,其它
不成功,其它
有的有有的,其它
我想问一下你们这边要多久,审核时间
我很少用,其它
行行行,其它
你好我继续用钱怎么怎么怎么,额度是否循环
那个是否能直接贷款,询问贷款速度
是的怎么,其它
你怎么会我的电话号码,询问信息来源
好没事,其它
你们要收手续费吗,询问手续费
听得到我说话吗,客户提意见
能手机还款吗,询问如何还款
什么意思,其它
我说我时间注册过的,已在使用
再见再见,其它
可以听到我说话吗？,客户提意见
不要不需要再见不需要不需要不需要,其它
谁告诉你我的号码的,询问信息来源
不是怎么取消,其它
你看一下怎么搞,提交材料
你这边官网是在哪里我这边是可以去看一下吧,询问公司名称或地址
厘是什么,解释厘
别打别打,其它
你好我继续用钱怎么办,额度是否循环
气人,其它
利率,询问利率
可以提前还款吗,询问如何还款
我已经安装省呗,已在使用
度太低根本不够用,询问额度
嗯行可以,其它
你给我说一下到底都有什么用,其它
他是人工的,询问客服名字
号好,其它
哦那办理吧,其它
你们给我度太低根本不够要,询问额度
个人的真心有问题怎么办,是否上征信
谢谢你说么,其它
你在听我讲话吗,客户提意见
可以提升额度吗,询问额度
在什么地,询问公司名称或地址
嗯我看过四十岁,其它
请问一下我怎么还,询问如何还款
以前有逾期,是否上征信
你们不会是骗子吧,是否真实
我该怎么下载,软件怎么下载
我这边一百元的借吗,询问额度
能不能借现金,询问贷款现金
到,其它
拜拜,其它
你们怎么还款的,询问如何还款
帮我这边具体的只是想解一下,解释省呗
烦人不要,其它
要居住证吗,提交材料
什么什么省道,解释省呗
你这边能够借多少,询问额度
谢谢不要,其它
哪个号码,询问身份或来意
我想问一下你们审核需要什么流程,提交材料
恩这边是什么公司,询问公司名称或地址
移动不是幺零零八六吗怎么幺零零八五,询问身份或来意
怎么分期,询问分期
知道,其它
可以借现金吗,询问贷款现金
那我这边就想问一下你这里,客户提意见
都不懂我不知道儿,其它
放款快吗,询问贷款速度
想问一下你们公司有什么,公司优势
我已经二十岁,其它
多少利率,询问利率
哪个移动,询问身份或来意
没有哇你们这边如果预期的话有宽限期吗,是否上征信
可以跟我说一下你们的的是吗,解释省呗
是那是吧,其它
行我考虑一下,考虑
对没有,其它
我问你个问题？，,客户提意见
收费不,询问手续费
我靠,其它
那可以结现金吗,询问贷款现金
也可以,其它
你们这产品不需要,其它
嗯我办理我的业务听不清楚,其它
听起来像机器人,是否机器人
我就是问你我是浦发银行我可以接吗,合作银行
恩好的好的,其它
哦行行那个啥以后再说吧,其它
那我想问我在您这边提交什么资料方便,提交材料
再办一下吧好,其它
好的哦好好,其它
从昨时间又给我什么是这个套餐吗,其它
我不需要,其它
我们我能知道额外的优惠吗,客服不专业
你说嘛意思,其它
好嘞好嘞好嘞,其它
能介绍一下都有什么还款方式吗,询问如何还款
那是,其它
这都不知道,客服不专业
你们干什么,询问身份或来意
没兴趣,其它
奥有时间看看吧,考虑
浦发银行可以吗,合作银行
客服代表是干啥的,询问身份或来意
哦是,其它
嗯好再见,其它
哦行好嘞,其它
影响我信用卡以后的使用吗,是否上征信
以短信方式是什么,询问联系方式
付款的是谁,合作银行
我都要卖房,其它
没考虑,其它
有,其它
你声音怎么这么好听,私人信息
现在没空,其它
怎么会用我的号码,询问信息来源
怎么注销,其它
我问你省呗是什么东西,解释省呗
征信有问题可以申请吗,征信差或无资产
对缴纳,其它
嗯说什么我没听明白,其它
那边我你好,其它
哦行改一下吧,其它
是不是真的,是否真实
我不需要他给我贷,其它
那我时间自己再去解一下,考虑
公司距离这里远吗,询问公司名称或地址
它是这个还是这个号,其它
嗯好,其它
听不清,其它
是我使用,其它
傻逼,其它
你们的公司在哪里,询问公司名称或地址
是没有,其它
什么,其它
我不用不用,其它
再问一下，问你一下,客户提意见
无业游民,征信差或无资产
都是什么反正现以前没有这个号打过,询问身份或来意
我没有问你在款我说你现在什么公司,询问公司名称或地址
喂你那个,客户提意见
额度可以循环使用吗,额度是否循环
又打过来,其它
多少钱,询问额度
服务费多少,询问手续费
贷款快么,询问贷款速度
我这边还找你过一会打过来可以吗,其它
哦不要听,其它
去哪里提交材料,提交材料
你们怎么有我号码的,询问信息来源
恩没事挂,其它
不是不用,其它
我听不清大点声音,其它
我想,其它
你家是哪,询问公司名称或地址
等等再看,考虑
给我发短信,询问联系方式
谁都能接多少钱,询问额度
不是你什么软件,公司优势
什么有打给我,其它
不是你不是山东人吧,询问身份或来意
哪里,询问公司名称或地址
看不,其它
太慢,其它
你哪里来我的电话,询问信息来源
我想问一下你这边一百块能借吗最少要借多少,询问额度
请问您吃饭吗,私人信息
几个点,询问手续费
需要多久,询问贷款速度
这审核需要多少,审核时间
哦行你说一下吧,其它
阿,其它
那个麻烦你说慢一点我没听清,其它
你连这个都不知道吗,客服不专业
但是借款吗,解释省呗
噢对就订就行,其它
我不清楚,其它
应该是,其它
是谁,询问身份或来意
嗯嗯肯定是诈骗电话,是否真实
那个先不办你办以后我还得改一下找不着,其它
妈的,其它
恩,其它
我不喜欢你们这产品,其它
我想问一下我现在注册,审核时间
什么取现你们这边,询问身份或来意
你这边有利率吗,询问利率
嗯我现在在开车你等会详细给我说,其它
是高利贷吗,询问利息
我这边如果逾期的话之后会有什么影响,是否上征信
恩有的,其它
你这边会不会以后不能向银行再贷款,是否上征信
没办法,其它
你们公司我说还有其他的产品吗,客服不专业
哦行我看看怎么来,其它
对对,其它
我之前欠款的时候被激活我请问一下,是否上征信
没钱,其它
弄过,其它
谢谢不用,其它
哦没有,其它
干什么,其它
但是没有,其它
恩清楚好的,其它
我去啥呗,其它
我说你们这边能接现金,询问贷款现金
对是是我的号,其它
嗯我现在在开车,其它
不是六十岁,其它
有我想问一下你这边可以借现金吗,询问贷款现金
那个啥东西办理,其它
没有工作,征信差或无资产
审核时间长吗,审核时间
提根本不够用,询问额度
我现在逾期怎么办,征信差或无资产
家住在哪里,私人信息
没有打算,其它
哦那行行行,其它
为什么找你们,公司优势
合作银行,合作银行
不需要不需要不需要我现在用不到谢谢,其它
用不到,其它
听错五十岁以上,其它
是电子的还是人,其它
你好你哪里,询问身份或来意
付款没有成功,其它
什么叫电脑随机不好为什么会我手机号,询问信息来源
哦知道,其它
嗯好嘞好嘞那那行,其它
您联系方式是什么,询问联系方式
你是哪儿的,询问身份或来意
你们要收点吗,询问手续费
送到,其它
哦我现在很忙不想接电话您以后再打可以吗,其它
额暂时没需求,其它
我问一下,客户提意见
对没错,其它
逾期怎么办,征信差或无资产
什么时候放款,询问贷款速度
这个有的,其它
好是,其它
哦你这边是在地区哪里,询问公司名称或地址
那这样的话会不会影响个人真新卡,是否上征信
什么都不知道干嘛还要做这个,客服不专业
对打过来我知道,其它
哪里拿到我的信息,询问信息来源
你们能保证我的信息安全吗,询问是否安全
对所以说刚才电话打来测试的时候半天不说话,其它
好请问小姐,客户提意见
哦行我看看吧,其它
我说我没有信用卡怎么办我没有信用卡,其它
邮,其它
嗯聊解,其它
我才十岁,其它
没得,其它
就取消谢谢,其它
对说,其它
我想去你们官网看一下,询问公司名称或地址
哦嗯行好,其它
,其它
哦好好嘞他说,其它
嗯那好的再见,其它
我想问一下你们这边可以借现金吗,询问贷款现金
就是够用,其它
恩有,其它
然后行行行,其它
放款的谁,合作银行
信用贷款,解释信用贷款
多少,询问额度
喂行,其它
联系方式是什么,询问联系方式
我四十多,其它
我有信用卡谢谢,其它
我再看看,考虑
我做不,征信差或无资产
对嗯,其它
需要上征信吗,是否上征信
你什么学历,私人信息
有需求,其它
有逾期,征信差或无资产
嗯没,其它
你好没有,其它
你有没有男朋友,私人信息
如果说这样是吧,其它
说我们欠费注意,征信差或无资产
我这听清楚你说吧,其它
哦好好恩,其它
是,其它
好请借金多少,询问额度
可是我要怎么还我不太清楚,询问如何还款
你管我有没有信用卡,其它
真他妈的烦人,其它
就是你能介绍一下你这边的产品一个好处,公司优势
你知道吗你很不专业,客服不专业
没问题的我说这,其它
是个什么贷款身份证,解释信用贷款
是什么,其它
没收到,其它
你是专业的客服吗,客服不专业
好好的,其它
在肯定,其它
你说这个不懂不懂,其它
是真人吗,是否机器人
我超过五十岁,其它
我是想借但是限款没有成功,其它
您没有什么要求,征信差或无资产
恩行,其它
好的,其它
清楚,其它
我这边的话不需要你们这个额度,其它
什么材料,提交材料
我可以在这边提升度吗,询问额度
公司在哪里,询问公司名称或地址
行好好好,其它
不用嗯,其它
有付费吗,询问手续费
我考虑一下,考虑
我逾期如果去的话之后我会怎么影响,是否上征信
请问你吃饭吗,私人信息
稍等,其它
就是你们这儿如果审核还款期间会打电话给我吗,审核时间
那我没听明白你说什么意思,其它
你们这个是什么贷款,解释省呗
对是,其它
已经知道我说我现在暂时不需要用的,其它
我是什么事情,其它
嗯那好的没事,其它
好嘞谢谢,其它
对谢谢,其它
怎么算你再说一遍我没给你,其它
去你们公司该怎么走,询问公司名称或地址
你好我想问一下你这边,客户提意见
我在哪里可以找到你们省呗这个产品,软件怎么下载
怎么会有我号码,询问信息来源
利息是多少,询问利息
嗯嗯怎么结款,询问如何还款
官网是多少,询问公司名称或地址
三个月四千块钱利息是多少钱,询问利息
你们是和什么银行合作的,合作银行
你这是不是诈骗电话,是否真实
不是移动公司的,询问身份或来意
激活不,其它
嗯方便你说吧,其它
恩好有的你说,其它
公司名,询问公司名称或地址
你们是哪里,询问公司名称或地址
什么时候钱能到账,询问贷款速度
没听明白你说的啥你说的啥,解释省呗
听清喽,其它
我觉得没什么用,其它
我六十多,其它
哦没,其它
哦行行那缴费那,其它
这边以后能够给我多少钱,询问额度
不想说话,其它
嗯正常,其它
请说好谢谢,其它
知道嗯,其它
我没什么好讲的说,其它
哦哦哦哦,其它
我没收到,其它
哦对不好意思我不太明白,其它
嗯喂,其它
逾期未还款,是否上征信
可以还多张卡吗,信用卡数量限制
好的您是否能接现金,询问贷款现金
我注销美女,其它
你这是哪里哪里,询问身份或来意
信用卡有过逾期会影响申请吗,征信差或无资产
我这就是4g的,其它
你是哪个,询问身份或来意
你说你服务的怎么样,私人信息
我听不清,其它
怎么下载这个软件,软件怎么下载
是那我能接多少钱,询问额度
你可以说一下,其它
不对,其它
额度高吗,询问额度
哦怎么办,其它
十是吧,其它
你说的啥我没听没,其它
账号的安全有保障吗,询问是否安全
省呗是啥玩意儿,解释省呗
之前有一些逾期可以吗,是否上征信
哦对不起我不需要,其它
不会操作,其它
已经贷款,已有贷款
我已经六十多,其它
行多少,其它
你家是哪里,私人信息
哦你说给你办理一下吧,其它
怎么借能借多少,询问额度
过一段时间我再去,其它
钱话费我不用办,其它
好嘞可以,其它
行嗯,其它
恩好,其它
怎么又打给我,其它
你现在是省呗嘛,解释省呗
我说你最近去出出去旅游,私人信息
好的那就那个办吧,其它
怎么还款,询问如何还款
你什么我听不太清楚我听不太清楚你再说一次,解释省呗
嗯可以好,其它
你们公司还有其他的产品吗,客服不专业
请讲,其它
嗯不用改这没,其它
好,其它
我不要你这个产品,其它
是什么贷款,解释省呗
你们最高可以申请,询问额度
我不知道,其它
嗯已经可以用,其它
我有我信用卡都十万的你给我两万块干嘛,询问额度
哦行行行那明白,其它
是否能接现金,询问贷款现金
你们公司全力几点,客服不专业
那谁,询问身份或来意
你这边是什么电话,解释省呗
好的我想问一下你们这边的话分期可以分几期,询问分期
我老手机老年手机现在都不用,其它
我说二十分听不懂是吧,其它
你公司是哪的,询问公司名称或地址
要身份证吗,提交材料
要不要办理,考虑
行恩好,其它
我在哪里可以找到你们设备这个产品,软件怎么下载
是这样我想问一下你们这个产品,解释省呗
我想说您这边是什么公司,询问公司名称或地址
能借现金吗,询问贷款现金
啥嘞,其它
可以在现金用吗,询问贷款现金
不,其它
信用不好,征信差或无资产
假如是的,其它
那你给我说一下我请问一下,其它
不记得这个软件是什么,公司优势
逾期的话对我后续有什么影响,是否上征信
拒绝,其它
请问你回答的问题好吗,私人信息
你公司是什么,询问公司名称或地址
说什么,其它
我三十多,其它
同意,其它
喂唉,其它
嗯你说,其它
不用话,其它
不管用,其它
好吧好吧,其它
是哪的,询问身份或来意
没有成功,其它
你这个是诈骗电话,是否真实
哦行那你给我改吧,其它
我问能就现金吗他这边,询问贷款现金
我不会办,其它
这种你是哪里,询问身份或来意
还是这个公司好像没有听过,解释省呗
我这里是不要需求的我这边只是想和你这边进行核实一下,其它
准备是什么东西,解释省呗
我没听明白什么意思,其它
你帮我介绍一下,其它
哦我没听明白那就没有你说啥意思,其它
没有我就时间我就时间把这话费多一点,其它
哦行行行,其它
你是谁你是不是骗子,询问身份或来意
好嘞知道哦我想不用,其它
你们给我的度太低,询问额度
好好办理,其它
不是地区人,私人信息
如果我想那个用审呗我怎么怎么去操作,提交材料
你听得清我在说话吗,客户提意见
不想用,其它
用,其它
哦好嘞,其它
你好听得到吗省呗是专门的,解释省呗
你管我多大干嘛,其它
嗯需要,其它
继续,其它
安全怎么保障,询问是否安全
什么公司,询问公司名称或地址
借款上征信吗,是否上征信
你能听得到我说话吗,客户提意见
我想问一下你这边三七最多可以开多少钱,询问分期
嗯是,其它
你们吃东西怎么注册,提交材料
我比较忙,其它
哦你那移动,其它
没法也没课能大吗,征信差或无资产
不客气再见,其它
用不那么多,询问额度
这个不需要告诉你,其它
你能听见我说话吗,客户提意见
怎么办理,提交材料
对楼,其它
你哪儿你说,询问身份或来意
这个多少我能接多少钱,询问额度
我是说你浦发银行可以吗,合作银行
没听清楚,其它
是无抵押贷款吗,询问抵押
不需要,其它
没工作,征信差或无资产
什么是省呗,解释省呗
好嗯,其它
是免费的吗,询问手续费
不需要推销人,其它
我是有需求的但是我想解一下你们这边的,解释省呗
别烦我,其它
不想听,其它
不要不要 说多少遍,其它
哦我知道我知道你可以拿,其它
觉得你们这边的申请快吗,审核时间
对你是哪里,询问身份或来意
你们这边如果逾期的话有宽限期吗,是否上征信
我是,其它
等一等再去,其它
你们这个是哪家公司,询问公司名称或地址
行好嘞,其它
反正行吧,其它
你等一下你是,其它
哦行自己办,其它
你是干嘛的,询问身份或来意
嗯哼办理吧,其它
行我不想要,其它
从哪下载去批从哪下载有提醒,软件怎么下载
你这边观望是在哪里我这边是可以去看一下吧,询问公司名称或地址
你再说一遍,其它
我想就是想问一下你这边的状况放,客户提意见
是的,其它
别打扰我,其它
等一下,其它
没房子,征信差或无资产
用得少,其它
你家在哪里,私人信息
嗯嗯那个你们的利率是怎么算的,询问利率
你是机器人吧,是否机器人
你是人工吗,是否机器人
不是你是什么那边,询问身份或来意
嗯这边的额度是多少,询问额度
刚四十,其它
恩那我再问一下就是这,其它
好再见再为您服务,其它
吃什么公司,询问公司名称或地址
信用卡没有,其它
没车子,征信差或无资产
你们受国家监管吗,询问是否安全
我拒绝签收,其它
利息怎么样,询问利息
不用信用卡,其它
能贷款多少,询问额度
我才十几岁,其它
你们公司在哪里,询问公司名称或地址
我这边说会不会影响个人专线以后会不会不能再向银行贷款,是否上征信
好对,其它
请解释一下,其它
号不想跟你说我给你没法沟通,其它
来来太少不够用,其它
不办理,其它
还款方式都有哪几种,询问如何还款
想问你个问题，,客户提意见
你知道的太少,客服不专业
听到,其它
哦不管那,其它
那好,其它
你是骗子吧,是否真实
我想问你可不可以提前还款,询问如何还款
现在还能签你们产品吗,征信差或无资产
能手机现金,询问贷款现金
没有那你啥意思,其它
交,其它
们接线金吗大姐,询问贷款现金
知道我的手机电话号码的,询问信息来源
你们是萨摩耶放款吗,是否真实
我现在不用,其它
一般这个贷款怎么搞,提交材料
不要,其它
不是的,其它
假的吧,是否真实
正常缴纳的,其它
骗人的,是否真实
我只找银行贷款,公司优势
你们这边的话您领的话要求,征信差或无资产
快吗,询问贷款速度
我这有两套房的卖一点,其它
请问我可以退现金吗,询问贷款现金
之前说我征信有问题,征信差或无资产
有套餐的,其它
你是移动公司,询问身份或来意
对不用别说这样您说就说这个,其它
我有个问题,客户提意见
你是真人客服吗,是否机器人
对怎么说,其它
你单身吗,私人信息
省呗是啥公司,询问公司名称或地址
去解一下这个产品,解释省呗
对怎么,其它
我在开会,其它
我现在现在怎么办,提交材料
好行行过来好的幺五二八,其它
什么都没有,征信差或无资产
不用好,其它
好的好的好的好的好的,其它
扣两次怎么办理的,是否上征信
几乎不,其它
你微信,询问联系方式
哦行行行你帮帮我给改一下吧,其它
可以现在还能可以办嘛,其它
家有钱吗,私人信息
再见你怎么不给我解,其它
弄好,其它
这个都不知道,客服不专业
你说什么银行,合作银行
那你给我改上去给我改,其它
没见到卡,其它
不用我这忙着,其它
我不到二十,其它
重新你们要查我的专线吗,是否上征信
嗯行,其它
利息怎么算,询问利息
公司董事长是谁,客服不专业
曾经有过,其它
嗯行好嘞再见嗯,其它
请问能够接多少钱,询问额度
咨询一下你们这边这个是一个什么服务,公司优势
能代付吗,询问如何还款
材料给谁,提交材料
现在先不办不办不用,其它
好吧七在哦那行好,其它
小伙,其它
听不听得到,客户提意见
我该怎么到公司,询问公司名称或地址
我想问一下我什么地方去下载这一批我怎么去申请,提交材料
别打我电话,其它
我问你浦发银行可不可以你回答我这个些内容我我不需要知道,合作银行
怎么多少,其它
你发吧,其它
我想问一下你这边是什么性质的贷款可以用来干嘛的,公司优势
我问你设备是什么东西,解释省呗
对总部还行吧,其它
哦那你给我改套餐哈,其它
给我办,其它
已经老,其它
我用不,其它
你们是哪里的,询问公司名称或地址
挂,其它
没有这个需求,其它
嗯有需求我是想问一下就是你们这个度是多少,询问额度
哪种还款方式比较方便快捷,询问如何还款
嗯那边你们那边卖奶茶吗,客服不专业
你是人工客服还是,是否机器人
你说啥,其它
我不用来电,其它
你你家里有空吗,私人信息
我再说吧,考虑
差不多差不多,其它
哦行办吧,其它
我不要这个产品,其它
哦你是哪里,询问身份或来意
错不是这个手机号,其它
没时间,其它
恩好可以行好,其它
安全能保证吗,询问是否安全
不麻烦你,其它
你们公司目前有多少位员工,客服不专业
这个人工服务进去,是否机器人
移动吗,询问身份或来意
我说你这边能接现金吗,询问贷款现金
不可以,其它
不知道,其它
哦订,其它
不给你,其它
你怎么称呼,询问客服名字
你怎么这么不专业,客服不专业
我想问一下就是,客户提意见
好知道没时间就这样挂,其它
我不需要这是诈骗电话吧,是否真实
好嘞好嘞时间就问一下,其它
解一下这个产品,解释省呗
同意办理,其它
他是个借款的是吗,询问身份或来意
不告诉你,其它
我已经五十多,其它
银行的太多的度,询问额度
卡丢,其它
嗯那行我办一个吧,其它
这边有效神么影响吧,是否上征信
那暂时先不需要,其它
激活,其它
这里是什么公司,询问公司名称或地址
额好行行行嗯好的,其它
帮我对,其它
你们这个汇信息泄露吗,询问是否安全
是否能接听金,询问贷款现金
你们这个期间清楚是多少,询问分期
好中,其它
地址是多少,询问公司名称或地址
是我自己办的,其它
这样行吧,其它
一百元的借吗,询问额度
信息来源,询问信息来源
你客服连这个都不知道,客服不专业
我没有没有不想要这个,其它
你们那边太高,其它
不用发短信,其它
没听清,其它
名字什么样从说一遍,询问客服名字
七我有个问题问你一下,客户提意见
请告知我你的联系方式,询问联系方式
是否能借金,询问贷款现金
这边的话人申请多少额度,询问额度
我刚才那个不是刚才又给我打电话,其它
失败,其它
你好不用,其它
谢谢,其它
额我想问一下你们这边要查专线吗,是否上征信
付叫什么你听我讲,私人信息
对那是,其它
这懂,其它
能不能说一下有哪几种还款方式,询问如何还款
我是想借但是,其它
保密,其它
好吧好嗯,其它
产品参与过逾期能申请吗,是否上征信
没没不知道你就是说,考虑
哦行好嘞好考虑好的,其它
我想问一下您您有什么要求,征信差或无资产
我想问一下你这边的利率是多少,询问利率
听清楚,其它
我问一下期间金额是多少,询问额度
不听,其它
我不记得这个软件,公司优势
我现在没空,其它
哦你说吧是,其它
请问有什么,其它
好可以,其它
你会唱歌吗,私人信息
你多大,私人信息
能贷多少,询问额度
我说是省份是个借款的是吗,解释省呗
行吧请说,其它
那我需求,其它
关这么多干嘛,其它
不用谢谢,其它
是的吗到款的是谁,合作银行
我不认识你,询问身份或来意
我说我都没钱买房买车,其它
对我是,其它
影响信用卡使用,是否上征信
忙得很,其它
嗯是否能再贷款,已有贷款
以后再说,考虑
好好嗯,其它
其他多少,询问利息
它是,其它
对地区使用,其它
能直接微信支付吗,询问如何还款
你可以跟我介绍一下你们产品的好处吗因为我正在跟其他产品对比,公司优势
真的没有,其它
不签收,其它
专家对比你们介绍一下你查询好处吗,公司优势
你是哪里,询问身份或来意
没事没事需要再见,其它
我去比较一下,考虑
你们有人监管吗,询问是否安全
还信用卡以外,解释省呗
我说我二十岁,其它
对啥时,其它
我不用办理用过呗,其它
加个微信,询问联系方式
四元是什么贷款,解释信用贷款
提供资料,提交材料
跟哪些银行合作,合作银行
你说怎么意思,其它
得,其它
稍等哪些材料,提交材料
我不办这个业务,其它
我年龄不够,其它
顾不上,其它
没时间没时间挂挂,其它
多少时间到账,审核时间
你们的分期是多久,询问分期
多少钱额度,询问额度
怎么弄,提交材料
那个我还款不是自动再查里面扣的吗,询问如何还款
好的对,其它
你打完哈,其它
恩你你什么软件,解释省呗
听清楚那好嘞,其它
你的身高是多少,私人信息
那行再见,其它
有隐形费用吗,询问手续费
过去还有个问题要问你差不多那个东西不是网的我,客户提意见
那你们这欠款的话审核需要多久,审核时间
我没听明白你是什么意思,解释省呗
不好意思这个不感兴趣,其它
应该中,其它
哦你给我换,其它
如何联系到你,询问联系方式
你之前怎么不给我接,征信差或无资产
中国移动不是幺零零八六吗幺二八五,询问身份或来意
您是都是网路吗,询问客服名字
你多重,私人信息
哦那也可以,其它
对好嘞好的,其它
借款五个月利息多少,询问利息
我的贷款有缴的,已有贷款
还掉还算在额度内吗,额度是否循环
噢好的好的,其它
你打电话干嘛,其它
五六到你家吗,私人信息
行行行行好吧我看看,其它
我说还有什么产品,客服不专业
我感觉现在是吧好的,其它
余额公司的董事长,客服不专业
我没有二十,其它
行好嘞知道,其它
请把联系方式发给我,询问联系方式
我觉得这个额度不够用可以调吗,询问额度
你怎么老给我打电话,其它
我忙没时间,其它
哦我知道在忙的时候,其它
可以改,其它
等等在看,考虑
是我的,其它
哦办一个吧,其它
抱歉我都清楚,其它
解一下你这个东西是大概多少钱,询问额度
不好意思我在上班,其它
是吧我,其它
嗯嗯你大概是马上就能给我发短信吗还是什么,其它
谢谢喂,其它
好不错嘞原来这个是挺好还有都挺好对,其它
好清楚,其它
我十二周岁,其它
我有信用卡,其它
为什么说方便,公司优势
我偶尔用,其它
唉,其它
哦信息来源,询问信息来源
不明白不是的,其它
你家有框吗,私人信息
我征信有问题还能使用你们产品吗,征信差或无资产
要抵押吗,询问抵押
你们这个官网什么,询问公司名称或地址
恩对对,其它
然后没听明白怎么,其它
什么时候能放款,询问贷款速度
有你这边怎么解,提交材料
那我就需要用到的话再看好吗,其它
我知道,其它
你是干什么的这都不知道,客服不专业
请问有没有在听我说话,客户提意见
需要的材料多吗,提交材料
超过试试,其它
好行行,其它
嗯那查看一下,其它
那你再说一遍,其它
你长得好看吗,私人信息
干嘛的,询问身份或来意
不用,其它
嗯行好,其它
我说你们这边注册的时候要上征信吗要不要查我的征信,是否上征信
不是你这边能去现金,询问贷款现金
谢谢不需要,其它
你叫什么,询问客服名字
还钱方式,询问如何还款
怎么结款,询问如何还款
不记得这个软件是什么省份,公司优势
好等于说,其它
我说你这边,询问身份或来意
是恩,其它
好怎么办,其它
放款的是谁,合作银行
我是问五分钟才能申请是,审核时间
是怎么怎么计算,询问利率
嗯行行嗯,其它
没有服务费手续费,询问手续费
就是这么快我都没听清,其它
放屁,其它
我想问你们这边可以分期还,解释信用贷款
怎么轻松拿到额度,审核时间
可以听,其它
你们哪里来我的信息,询问信息来源
怎么,其它
真不真,是否真实
哦我自己弄那,其它
你们这边怎么取消,其它
是不是又是骗人的,是否真实
喂听明白我这是,其它
在家里你是独生女吗,私人信息
你是机器客服吗,是否机器人
我在开车,其它
我听听听不清,其它
好嘞再见,其它
哦不用我现在不用流量什么的,其它
哦这样子那你们这边不能接现金吗,询问贷款现金
都是,其它
有个问题想问你，,客户提意见
哦你说我不明白我没听明白会正常走,其它
不要不用谢谢,其它
谢谢这个你什么事,其它
对意思吗,其它
等等再去,其它
哦好可以,其它
你贵姓,询问客服名字
对是这样,其它
我只是想解一下你们这个,解释省呗
号,其它
我不想跟你说,其它
高利债吗,是否真实
有其他费用吗,询问手续费
怎么注册,提交材料
号好好,其它
好的那我挂,其它
是的那个,其它
您是骗子吗二十天样子吗,是否真实
开通快吗,询问贷款速度
幺,其它
我四十不到,其它
我现在不方便接电话,其它
不能谢谢,其它
是的你说,其它
假如说我要逾期的话有影响吗,是否上征信
只能用来还信用卡吗,解释省呗
你有对象吗,私人信息
你吃饭吗,私人信息
什么流程,提交材料
怎么称呼你,询问客服名字
对说你们这儿,其它
我如果那个问题吗有的时候可能是没有,其它
你哪里,询问身份或来意
行你给我开通,其它
你有没有在听我讲话,客户提意见
应该是赠送,其它
嗯是的,其它
不行不行不行,其它
你干嘛,询问身份或来意
你家是哪里的,私人信息
没有没有没有没有什么情况,其它
欠款的话上征信吗,是否上征信
对那好,其它
给你介绍个男朋友好吗,私人信息
那个是,其它
不怎么用,其它
这边的话我想问的是您可以借现金使用吗,询问贷款现金
嗯现在建行卡绑定不怎么办,合作银行
就是能给我多少额度,询问额度
你们要查征信吗,是否上征信
你姓什么,询问客服名字
我开会等会打给你好吧,其它
你是人工还是机器人,是否机器人
拜拜拜拜,其它
我说话你听得懂吗,客户提意见
不用谢,其它
我现在在上班可以现在给我打电话吗,其它
听见我说吗,客户提意见
我十几岁,其它
我说的话有没有听见？,客户提意见
你们额度多少,询问额度
跟你说嘛听不懂,其它
你们信息泄漏吗,询问是否安全
咋听不清情况,其它
移动公司不是幺零零八六吗,询问身份或来意
我我想先借十万块钱可以吗,询问额度
谁你,询问身份或来意
我这边没有信用卡可以使用你们产品吗,其它
审核需要多久,审核时间
省内的额度是什么样的app吗是什么ap,询问额度
信用差,征信差或无资产
行行感谢来电,其它
哦好好再见,其它
见面聊,询问公司名称或地址
偶尔吧,其它
最高可以分几期,询问分期
关我不要你别给我打电话,其它
我不管,其它
嗯行行行好,其它
不客气可以介绍一下你们省呗产品哦其他产品的好处吗,公司优势
哦也可以办理,其它
你们利率是多少,询问利率
没有没有谢谢,其它
你是哪里人,询问公司名称或地址
你们有什么优势,公司优势
接电话再见,其它
行,其它
再说吧,考虑
我知道我说给我便宜点太贵,客服不专业
我说我要卖房,其它
对你们那边说这个,其它
嗯我等吧,其它
嗯行行行在吗,其它
我说我不要,其它
我想让好吧,其它
等一会再打过来好吗,其它
好吧好吧嗯,其它
打我电话什么事情,询问身份或来意
行行你先挂吧吗,其它
哦好的好的好的好的好的,其它
我都没打直接打那个点你这边利息是多少,询问利息
没有补充,其它
不是你们要查我的支付密码注册的时候要查我的征信吗,是否上征信
行那下午车嘞,其它
嗯好的好的,其它
哦你是哪个移动的,询问身份或来意
你再重说那我没听明白,其它
嗯好吧好吧,其它
不客气请问你有男朋友吗,私人信息
我想问一下你们这边付款的话是哪个机构,合作银行
怎么才能通过率大一些,征信差或无资产
你这是哪里,询问身份或来意
我问你们,客户提意见
公司的具体位置在哪里,询问公司名称或地址
参加,其它
你哪位,询问身份或来意
为什么要跟你说,公司优势
我说你们只能用来还信用卡吗,解释省呗
我感觉我信息的线路,询问是否安全
好的没问题,其它
你那边,询问身份或来意
我自己办的,其它
我可以投资吗,客服不专业
我现在不方便,其它
我超过六十岁,其它
蛮快的,贷款速度快
如果我要注册的话需要,提交材料
之前欠款的时候被拒国,是否上征信
没有我才二十岁,其它
你们怎么会有我的号码,询问信息来源
不对不对,其它
就是好谢谢没有那你,其它
什么你说,其它
什么套餐我不懂吧我不要这个,其它
这么快,贷款速度快
哦有什么业务,其它
怎么借款,解释省呗
哦好好,其它
你爱国吗,爱国爱党
什么你慢点说,其它
嗯再见银行对,合作银行
是不是高利贷,是否真实
交一段时间,其它
太不专业,客服不专业
骗我,是否真实
什么什么,其它
又想骗我,是否真实
有没有在听我讲话,客户提意见
骗子,是否真实
嗯行好嘞好嘞嗯,其它
我输老户,其它
我现在在上班可以时间打过电话吗,其它
肯定,其它
你微信多少,询问联系方式
让你别打，你怎么又打过来,其它
听得到,其它
哦对对立那,其它
什么是信用贷款,解释信用贷款
可以那就能改吧,其它
唉可以,其它
为什么要找你们,公司优势
是真的吗,是否真实
你们最高可以分几期,询问分期
哦就我说那个真心,是否上征信
你刚刚不是说,其它
好的好的,其它
核对正确,其它
哦好,其它
你是移动还是联通,询问身份或来意
自己办的,其它
是干什么,询问身份或来意
等下再说吧,其它
嗯对,其它
已经申请贷款,已有贷款
你们是银行吗,合作银行
等等,其它
那意思我没听明白,其它
对嗯好的,其它
哦行行好好,其它
额度多少,询问额度
你们的审核备案全度高不高,询问是否安全
你再说说,其它
多久能放款,询问贷款速度
我年龄大,其它
没有房子可以贷款吗,征信差或无资产
能借多少钱,询问额度
地区地址,询问公司名称或地址
不是,其它
什么资料,提交材料
对是这样的,其它
我想解这个额度,询问额度
暂时不需要,其它
谁你是谁省呗没听过,解释省呗
你听不听的懂人话,客户提意见
太高我怎么记给我便宜点,客服不专业
嗯有需求,其它
你家有钱吗,私人信息
好嘞恩好嘞好嘞,其它
我看好吧,其它
哦行我知道,其它
做客服的你连最基本的都不知道,客服不专业
我还是不知道怎么还款,询问如何还款
我现在有个度有点低你们可以提升度吗,询问额度
你借钱的对吗,询问身份或来意
请重说下,其它
听得到我说吗,客户提意见
我想问一下你们这边审核需要多久,审核时间
你再说一遍什么,其它
你们七二七这个金额多少,询问额度
再说一遍,其它
喂行行行,其它
不需要抵押吧,询问抵押
我已经注册过,已在使用
没有补充的,其它
哦我这边就是想知道你们这里是一个就是什么公司,询问公司名称或地址
好买买买,其它
你们公司成立几年,客服不专业
所以我那看看,其它
我肯定,其它
厘怎么算,解释厘
是这是咋又买又不懂功能接个电话打个电话,其它
我有需求,其它
喂付款你这边是什么性质的贷款可以用来做什么,解释省呗
反正有时间吧嗯,其它
听着嘞,其它
对是的,其它
哦我刚说我说我暂时用不到,其它
你们怎么会我的号码,询问信息来源
什么业务你再说一遍,其它
还不想跟你说话挂,其它
我已经十岁,其它
你好我想问一下我这边如果预期的话之后会有什么影响,是否上征信
嗯不是,其它
那那行,其它
晚会打给你好吧,其它
行其实我说,其它
最低起借金额,询问额度
没有没什么关系我不想要,其它
逾期有什么名字,是否上征信
没有好嘞你好,其它
好那好的,其它
怎么代表,询问身份或来意
东西有过等一下,其它
有信用卡,其它
怎么联系你,询问联系方式
他那我这边不想要再见,其它
很少,其它
这会儿顾不上,其它
不客气,其它
什么是厘,解释厘
面谈吧,询问公司名称或地址
我想问一下你这边的规矩,客户提意见
他有没有规定打多少,询问额度
哦行行行可以你说,其它
好吧好嘞,其它
我均有条,其它
哪位,询问身份或来意
哦可以,其它
只能用信用卡是,解释省呗
那为什么之前就是没有,解释省呗
怎么还贷,询问如何还款
我有资金的需求但是你们只能用来还信用卡吗提现可不可以,解释省呗
你是机器人吗,是否机器人
先不说,其它
不需要不需要,其它
都不知道哪些材料,提交材料
可以怎么还,询问如何还款
移动公司客服代表,询问身份或来意
知道你们这边能够申请多少钱,询问额度
你们安全吗,询问是否安全
喂你是哪里,询问身份或来意
嗯又不用吧,其它
你们哪儿,询问身份或来意
公司什么时候成立的,客服不专业
你们这里有官网嘛我想去你们官网看一下,询问公司名称或地址
我是想说也说话这样你是不是一个机器人跟机器人吗,是否机器人
没听明白,其它
你说慢一点不清楚,其它
怎么到你们公司,询问公司名称或地址
有下载地址吗,询问公司名称或地址
我有需求我想去,其它
可以知道哪里吗,询问公司名称或地址
恩可以,其它
好好,其它
什么省被你说的,解释省呗
那个不用可以吗,其它
我超过四十岁,其它
放弃,其它
是好吧,其它
哪里的,询问公司名称或地址
不方便,其它
逾期后如何扣费,询问利率
公司董事长,客服不专业
号好好恩,其它
行好嘞你给我开通吧,其它
嗯行行行好的,其它
被叫啥,询问身份或来意
那会不会影响个人真心你们这里,是否上征信
多少钱的,询问额度
哦你哪里幺,询问身份或来意
你们利息是多少,询问利息
要抵押物品吗,询问抵押
有宽限期吗,询问如何还款
你回答我问题我问你浦发银行的信用卡在不在你这个范围内,合作银行
哦优惠专线嗯,其它
你好麻烦你个问题没看,其它
你怎么又打过来,其它
利息高吗,询问利息
的问题吗,客户提意见
你刚刚说那个度,询问额度
没签收,其它
别骗我,是否真实
拿到,其它
这么简单的东西你都不清楚,客服不专业
省呗是啥公司,解释省呗
再解释一下,其它
骗人的吧,是否真实
能分几期还,询问分期
好的好的好的,其它
不是我再问你能听到我说,其它
你们的这个产品在哪里能下载,软件怎么下载
你怎么什么都不知道,客服不专业
我问你浦发银行可不可以,合作银行
你们会上征信吗,是否上征信
就需求你们这审核需要多少,审核时间
暂时没有,其它
都没钱买房买车,其它
说我这边最多可以接多少钱,询问额度
你们审备的安全度高不高,询问是否安全
你这么不专业的客服,客服不专业
明白语音不影响我信用卡的使用,是否上征信
请介绍,其它
嗯不用,其它
怎么弄的,考虑
没,其它
你是哪里的,询问身份或来意
可不可以借现金,询问贷款现金
如果我要逾期有什么影响吗,是否上征信
我这会有其它事再说吧,其它
那行好吧,其它
不好意思,其它
我说我没有信用卡怎么办,其它
那我没有信用卡怎么办,其它
去你妈的,其它
你在哪可以知道哪里,询问公司名称或地址
你怎么知道我电话的,询问信息来源
一百八十分钟话费吗,其它
你不是客服经理吗,客服不专业
别打我好吧,其它
就是每个月,审核时间
叫你们经理来跟我说,客服不专业
材料拍照可以吗,提交材料
对办好,其它
哈喽,其它
对听到,其它
不是说啥没听清,其它
对就是,其它
不要谢谢,其它
可以在现金吗,询问贷款现金
不可以没有单独的手机号帮我关闭,其它
嗯那行,其它
喂你帮我介绍一下,解释省呗
让我想一下应该是有的,其它
哦你说我听着,其它
你们给我度太低根本不够用,询问额度
有你这边怎么借,提交材料
我用的时候再找您,其它
最低多少,询问额度
现金,询问贷款现金
那就办吧,其它
我想借钱现在我怎么操作,提交材料
激活失败,其它
能办,其它
我签,其它
额说是这边他可以接现金使用吗,询问贷款现金
哦行你说,其它
会不会影响个人真心,是否上征信
哦好吧那行,其它
你们公司还有其他产品吗,客服不专业
分期最高的,询问分期
记录差,征信差或无资产
到两万怎么这么少,询问额度
买一份吧,其它
最低欠多少钱,询问额度
我这边我这边不用我这边不用知道你的额度,其它
那你能告诉我怎么申请,提交材料
嗯那行好嘞,其它
哦办理,其它
嗯好的都可以看看吧,其它
我现在很忙,其它
那我都没听明白,其它
喂麻烦你问你说你说你这是山东移动的,询问身份或来意
民是省内的,询问客服名字
那好吧,其它
恩好的我看一下,其它
我说无不需要,其它
喂你你什么意思,其它
怎么有我信息,询问信息来源
这个不对,其它
要多久才能用,审核时间
我说我这两套房等着卖,其它
你告诉我你知道啥,客服不专业
二十好,其它
我是问就是你们这个假如说我要想注册的话,提交材料
好我考虑一下,考虑
所要材料,提交材料
怎么去你们公司,询问公司名称或地址
有需求就是我问一下就是你们这假如欠款可以提前,是否上征信
没听说过省呗,解释省呗
等一下逾期如果去的话之后我会怎么影响,是否上征信
喂你们收费吗,询问手续费
稍等一下,其它
我没太听懂就是说你要你是问我要不要改套餐吗,其它
我现在你们这个查询我不想用,其它
现在有事待会再说,其它
没工作没法子,征信差或无资产
省内的度,询问额度
嗯先办理,其它
你觉得你服务好吗你看你服务的好吗,私人信息
那这个,其它
现在很多直接地方电话我这边是信息怎么会有的,询问信息来源
信用贷款怎么弄,解释信用贷款
你们你说话太办我不想跟你说,其它
真烦人,其它
就是有信用卡的使用,信用卡数量限制
万一信息泄露怎么办,询问是否安全
恩知道哪里有卖水的吗,私人信息
他那个问题吗,客户提意见
四十岁哪里年轻,其它
五分钟就有结果吗,审核时间
好提示,其它
哦行行就办一个,其它
哦行行,其它
我说你们还有什么产品,客服不专业
哦申请多久才能用,审核时间
我要是逾期怎么办,是否上征信
做什么的,公司优势
那好吧你开过,其它
然后您现在怎么怎么办,其它
怎么审核,提交材料
哦那不是幺零零八六咋幺零零八五,询问身份或来意
这边分期,询问分期
我在上班,其它
哦你是男生还是女生,私人信息
我没讲完大哥,客户提意见
我想问一下逾期之后宽限期吗,是否上征信
办理吧恩,其它
我我是想解一下你这边的,解释省呗
好嘞手机号码,其它
好吧,其它
弄不,其它
正常缴纳,其它
什么业务,其它
我这会有事再说吧,其它
你爱党吗,爱国爱党
你在听吗,客户提意见
喂喂喂,客户提意见
不办,其它
嗯好吧,其它
怎么这么高,其它
不常用,其它
你在没在听,客户提意见
行行行我以前嗯,其它
不感兴趣,其它
差不多吧我就想问一下我是不是量做好就得尽快,其它
好那你说实名制是多少钱,询问额度
我现在你们这个查询我不想用我想注销可以吗怎么注销,其它
使用接多少钱,询问额度
恩是,其它
我有需求请问我怎么用,提交材料
我自己的,其它
你听不到我讲话的？,客户提意见
你哪儿,询问身份或来意
不需要贷款,其它
你是不是骗子,询问身份或来意
哦你再说一下可以吗,其它
嗯好的好的行好可以,其它
我想增加额度,询问额度
我怎么相信你,是否真实
有房有车已结婚,其它
账号安全如何保障,询问是否安全
有贷款记录,已有贷款
嗯我没听明白是,其它
多少个点,询问手续费
我说有有,其它
哪你是哪我说你是哪的你先别问我我先问你你是干嘛的你是哪的我没有听清你是哪的,解释省呗
人姓名,询问客服名字
你肯定是个骗子,询问身份或来意
嗯聊解一下,其它
晚会再说好吗,其它
没对,其它
我的号码是买来的吗,询问信息来源
不知道啥,其它
可不可以提前还款,询问如何还款
我没听清的,其它
我超过七十岁,其它
你好我急需用钱,审核时间
说我要怎么注册的,提交材料
你们这如何申请,提交材料
我说你这边怎么借款,提交材料
我没有信用卡可以办,其它
你是不是骗子问他们东西,询问身份或来意
我想问一下我现在注册,其它
审核需要多长时间,审核时间
您是男性吗,私人信息
我怕你们这个不安全信息泄露,询问是否安全
介绍吧,其它
太忙,其它
不是我现在很抱歉过一会打过来可以吗,其它
载,软件怎么下载
那不知道,其它
明白,其它
我想解一下你们是什么公司的,询问公司名称或地址
你是哪位,询问身份或来意
是谁喂,询问身份或来意
你们卷欠款的话上征信吗,是否上征信
是什么公司,询问身份或来意
请问一下你们这边可以分几期,询问分期
嗯好的,其它
好的好的我又重新变更取消,其它
哦暂时没有到过吧过来吧,其它
付款不是自动再查里边,询问如何还款
哦反正我用好吧慢的话但是,其它
那我要怎么注册,提交材料
你们要一些什么资料才能,提交材料
我说我说最后一遍,其它
你是否在听我讲话,客户提意见
对嗯没看看对吧,其它
省内的额度是什么样的,询问额度
你告诉我什么是你知道的,客服不专业
你是不是没在听我说话,客户提意见
最后有,其它
好行没,其它
联系方式,询问联系方式
行可以,其它
啥,其它
山东什么地方的,询问身份或来意
你你好你是,询问身份或来意
你们只能用来还信用卡吗,解释省呗
不清楚,其它
我有房有车,其它
不要给我发短信,其它
我要逾期怎么办,是否上征信
聊解一下,解释省呗
嗯哦就给他嗯好的,其它
哦好的好的就是,其它
行那找不办,其它
我再想想,考虑
我用得少,其它
什么软件pos的,公司优势
哦行这样吧,其它
谁,询问身份或来意
你听我的,客户提意见
你有没有在听我说话,客户提意见
没公积金公司不交,其它
有事吗,其它
七千可以不用换吗,是否上征信
我没听清你说唛,其它
没没,其它
嗯事情吗,其它
有审核结果的是吗,审核时间
哦不管用不用不,其它
我说我之前结你怎么不给我接不给我钱,征信差或无资产
人家你是哪里,询问身份或来意
没有对,其它
哦那行,其它
你们公司地址是哪里,询问公司名称或地址
能不能把你微信给我,询问联系方式
你觉得你的服务好吗,私人信息
一般能申请多少额度,询问额度
多少,其它
你们介绍选择产品好处吗,公司优势
像你看怎么打过来,信用卡数量限制
超过四十八,其它
正规吗,是否真实
我二十不到,其它
办理,其它
就是不要你说气人不,其它
淘宝的热线吗,询问身份或来意
请重复一下,其它
你谁,询问身份或来意
我那知道我能得到额外的优惠吗,客服不专业
不着急,其它
你太不专业,客服不专业
哦行吧好吧,其它
现在不给我,其它
那你这边准备注册的话需要什么材料,提交材料
好行,其它
利率怎么算,询问利率
我觉得可以这个,其它
逾期之后宽限期吗,是否上征信
哦就是哦,其它
我忙着,其它
也就算吧,其它
我的个人真信,是否上征信
没谢谢,其它
我听不明白你说一下吧,其它
先不办理,其它
这个是,其它
真的假的,是否真实
欠过款征信有问题还能申请你们产品吗,征信差或无资产
那你们这个安全,询问是否安全
没在,其它
什么事儿,其它
哦然后,其它
哦你说,其它
这么好,贷款速度快
哦恩,其它
对,其它
那行好嘞谢谢,其它
厘什么意思,解释厘
是对吗,其它
哦哦哦,其它
怎么会我的号码,询问信息来源
你听得见吗,客户提意见
二十岁到四十岁之间,其它
利率怎么样,询问利率
我说不要你们产品，你怎么又打过来,其它
贷款需要什么材料吗,提交材料
你给到我额度是多少,询问额度
恩是的是的,其它
有贷款可以么,已有贷款
不需要你你详细说一下,其它
如何申请,提交材料
可以介绍下你们的产品吗,解释省呗
那你们这边是时间返款吧,询问如何还款
好的嗯,其它
是否能现现金,询问贷款现金
我在哪里能找到你们这个app,软件怎么下载
听得见吗,客户提意见
就是,其它
之前被拒过,征信差或无资产
我想问一下你这边最少是借多少,询问额度
查我征信吗,是否上征信
考虑考虑,考虑
我不记得您这个软件您这边是什么软件,公司优势
好行好的谢谢,其它
二十五岁,其它
我不想结款,其它
我感觉个人信息被线路,询问是否安全
所要资料,提交材料
现在我现在不办,其它
我想问一下你这边分期最多可以分几期,询问分期
回头打给你行吗,其它
你是干什么的,询问身份或来意
行行,其它
你什么名字,询问客服名字
您是什么公司,询问公司名称或地址
你这个东西有啥用,其它
不补充,其它
我买,其它
对对我问你个问题,客户提意见
可以怎么办嘞,其它
开通多久,询问贷款速度
有花费,询问手续费
我没清楚,其它
额度是怎么计算的,额度是否循环
没有其他不想要,其它
我不方便,其它
讲,其它
你们这还款都是这样的,询问如何还款
可以分多少期,询问分期
需要抵押吗,询问抵押
我几乎不用,其它
利率多少,询问利率
没有不要听电话,其它
的是很近吗,其它
好好好好好,其它
你们是诈骗电话,是否真实
我现在不想用你们这个我想注销可以吗,其它
那目前你们只能用来还信用卡吗,解释省呗
你是人工还是话务员,是否机器人
我已经三十岁,其它
我不,其它
我我不想办好吧没有说,其它
还有的你这边告诉我一下这个是什么样的贷款,解释省呗
我讲话你有在听吗,客户提意见
个人姓张是吗,私人信息
多少利息,询问利息
嗯行嘞,其它
嗯不用办理,其它
行行行我说你这个院,其它
麻烦,其它
哦我知道我知道你可以,其它
好快,询问贷款速度
我没听明白你说太快谢谢,其它
哦行行行你给我购买二十万,其它
睡觉真烦人,其它
对的,其它
在审核中你那边还能贷款吗,已有贷款
行行行这样,其它
谢谢等一下这样,其它
你不爱国吧,爱国爱党
妈帮我,征信差或无资产
就是说你们这利率现在是多少,询问利率
等会儿再打过来,其它
我八十多,其它
缴过公积金,其它
你怎么会我的号码,询问信息来源
我个人信息有问题怎么办,询问是否安全
我们公司成立几年,客服不专业
我去对比一下,考虑
你联系方式是什么,询问联系方式
嗯知道,其它
你们能还几张信用,信用卡数量限制
嗯没有补充的,其它
你哪里的移动,询问身份或来意
嗯我改个嘉定,其它
您哪操作一遍没听清楚,其它
去哪里,询问身份或来意
额借款现在对比你能介绍一下您的产品的好处吗,解释省呗
他说我现在已经有事不好意思,其它
有我想问一下逾期的话对我后续有什么影响,是否上征信
钱额度是多少,询问额度
嗯行听明白,其它
登记吧,其它
好嘞好好好没有谢谢,其它
我已经是说吧,其它
好嘞好嘞,其它
你们营业厅像我信用卡以后使用,是否上征信
事,其它
你说刚才我说,其它
他能能,其它
为什么你看一下怎么搞,提交材料
你们怎么有我信息的,询问信息来源
工资优势是吗,公司优势
从哪里可以看到页面,询问公司名称或地址
一直说一遍我没听明白行吧,其它
哪个单位,询问公司名称或地址
我可以接多少额度,询问额度
我说邮,其它
这是你们这就是假如说我要逾期的话已经影响吗,是否上征信
现金贷吗,询问贷款现金
到公司的具体路线是什么,询问公司名称或地址
手续费多少,询问手续费
最多分几期,询问分期
好的好的好,其它
没问题,其它
我要注销省被美女,其它
我是问五分钟才能申请是吗,审核时间
我没有我不是跟你说我没有信用卡,其它
为什么问你的你都不知道,客服不专业
什么卡,其它
你们这边审核需要多久,审核时间
多久,询问贷款速度
什么省份,解释省呗
也行,其它
别废话,其它
我说我真的不需要谢谢,其它
没有信用卡,其它
你好我想问一下你吃饭吗,私人信息
好好我说,其它
有用,其它
恩不用谢谢,其它
哦行要不你给我办这个业务吧,其它
你是机器人,是否机器人
资质差,征信差或无资产
你们根本去银行有合作,合作银行
我怕短信外漏怎么办,询问是否安全
额度是如何计算的,额度是否循环
想问一下你们公司什么时候成立的,客服不专业
是请说,其它
提前还款要多收费吗,询问如何还款
安全有保障吧,询问是否安全
哦好吧,其它
好嘞嗯好嘞,其它
之前没交公积金的,其它
我没有信用卡可以使用吗,其它
哦要改,其它
恩你说,其它
二十多,其它
我们这边暂时不需要谢谢,其它
嗯哪个那个,其它
我没有信用卡,其它
把你们公司的地址给我,询问公司名称或地址
我说用不上,其它
支付宝,询问如何还款
听不懂,其它
更多,询问额度
上网,其它
怎么回事我没听明白,其它
五分钟是一定是有审核结果的什么,审核时间
怎么是,其它
你在哪,询问公司名称或地址
确认,其它
嗯差不多,其它
现在不能办理好好好没,其它
要户口本吗,提交材料
预期后扣费吗,询问利率
你们官网是什么,询问公司名称或地址
知道吧我看看,其它
什么事,解释省呗
我说你们这边有没有官网我想去你们官网看一下,询问公司名称或地址
我如果那个问题吗,客户提意见
嗯不需要,其它
省呗我申请,已在使用
你们这个审核需要什么流程,提交材料
优惠吗,客服不专业
哦那你不用给我办理不用,其它
你们支持代还多少家银行的信用卡,信用卡数量限制
那行,其它
要结婚证吗,提交材料
要不要查我的征信,是否上征信
不同意,其它
好的您是否能接线请,询问贷款现金
你们这边能够申请多少钱,询问额度
是这样没有谢谢,其它
哦行行行好嘞,其它
我没听明白你这种,其它
借款需要公积金吗,提交材料
我有不是说啥没听清,其它
哦对你是哪里,询问身份或来意
企业金多少,询问额度
我觉的隐私被限速,询问是否安全
我信用不好,征信差或无资产
没有我时间就给你交,其它
我再解下,考虑
我现在正常借款充的最低能介绍一下你们前面的好处吗,公司优势
省呗是什么,解释省呗
你男朋友什么条件的,私人信息
你这边是什么性质的贷款可以用来做什么,解释省呗
你要都没有,其它
嗯上网,其它
我在开车我不想听,其它
我已经七十多,其它
多久能拿到钱,询问贷款速度
起借金额是多少,询问额度
我在开车你给我来电打过来吗,其它
好嘞,其它
有打过来,其它
不明白,其它
你说我意思是啥听说的,其它
你们公司怎么去,询问公司名称或地址
我这边暂时不需要,其它
给我你们给我打太低根本不够用,询问额度
好嘞你,其它
哦,其它
反正我,其它
还掉还能再借吗,额度是否循环
嗯哼,其它
我现在想借钱我怎么操作你们这个产品,提交材料
哦有的那我想问一下你们就是说现在这个利率是多少钱,询问利率
什么东西,解释省呗
我办,其它
你好能听到吗,其它
我五十多,其它
哦行那个,其它
不考虑,其它
和哪些银行合作,合作银行
留个联系方式,询问联系方式
那好的,其它
哦暂时我可能用不到吧,其它
再见再见再见,其它
那是骗人,是否真实
好好嘞好嘞,其它
国家认证吗,询问是否安全
你声音大一点,其它
我这边是想解一下你们这边的,解释省呗
你说什么意思,其它
你们是骗子吗,是否真实
下载下载被呗是吧,软件怎么下载
不明白慢点,其它
抱歉开车等会详细我服,其它
请讲嗯是这样的我现在接入的款然后我有钱我想把它提前还,询问如何还款
如果说有问题是可以申请退款,询问如何还款
我说不要不要,其它
你不要说,客户提意见
信用贷款是什么,解释信用贷款
办花费多少,询问手续费
对喂,其它
没有没有你说什么听不懂,其它
算吧,其它
补充的没,其它
你说是,其它
你们这里有官网嘛,询问公司名称或地址
不会是骗人的吧,是否真实
多久能通过审核,审核时间
问一下额度是多少,询问额度
贷款是什么,解释信用贷款
你结婚吗,私人信息
我去参加过,其它
我已经八十多,其它
逾期过可以申请吗,征信差或无资产
我想注销可以吗怎么注销,其它
高利贷吗,是否真实
这是移动公司那联通,询问身份或来意
我觉得我还剩一个考虑考虑,考虑
签收,其它
你声音很好听,私人信息
没啥,其它
你们要收服务费吗,询问手续费
没有不太需要谢谢,其它
我是什么事,其它
重复,其它
好的那是,其它
听到吗,客户提意见
在开会,其它
哦是吧,其它
我回来现在收费,询问手续费
你可以给我介绍一下你们产品的好处吗,公司优势
在哪个平台获取到,软件怎么下载
好嘞对,其它
哦这样,其它
你平常都是自己居住吗,私人信息
又想出来骗人是吧,是否真实
那好好,其它
行行行可以的是吧,其它
有个问题问你？,客户提意见
不知道怎么,其它
哦那可以,其它
反正我就问问你们别的话在听不清,其它
什么什么,解释省呗
我还没使这个吧,其它
恩有的有的,其它
我说怎么这一块怎么退款,询问如何还款
我说会不会影响到个人真信,是否上征信
零对,其它
哦不是的,其它
你是机器人还是话务员,是否机器人
没有没有,其它
怎么样通过率高一点,审核时间
那我这边是没有需求的,其它
逾期有什么影响,是否上征信
行办理吧,其它
申请需要什么,提交材料
没弄,其它
你是谁,询问身份或来意
我不用我的,其它
你们这个贷款怎么搞,提交材料
企业金额是多少,询问额度
逾期有影响,征信差或无资产
有什么事吗,其它
是否能借现金,询问贷款现金
不对你打错,其它
省呗没听说过,解释省呗
我还真挺多的办一个,其它
哦你哪里,询问身份或来意
我想借十万可以吗,询问额度
在哪个平台下载,软件怎么下载
我是说浦发银行可以吗,合作银行
你说一下吧,其它
我不用我的电表箱,其它
嗯很好,其它
你们这边审核快吗,审核时间
你们公司都有什么产品,客服不专业
有没有保障的,是否真实
你们最高能贷多少,询问额度
你听我说,客户提意见
不想补充,其它
有申请客服部,客服不专业
没时间去,其它
嗯怎么借款,提交材料
不行,其它
申请是多少,询问额度
你是骗子吗,询问身份或来意
您就是说,其它
你你这个注册都需要填写什么,提交材料
没激活,其它
哦行可以给我办理一下,其它
对恩,其它
我是那个普我我要还浦发银行的贷款,合作银行
缴纳,其它
请问贵公司的地址在哪里,询问公司名称或地址
我听不懂你说,其它
好的我现在知道我现在,其它
我想问一下你们要查专线吗,是否上征信
晚点再说,其它
你们是无抵押的吗,询问抵押
你走,其它
是真实的吗,是否真实
什么时候钱能进卡,询问贷款速度
你能不能听到我讲话？,客户提意见
没有宽限期吗,客服不专业
行行好好这样吧,其它
对你说是,其它
我七十多,其它
我说有有能听懂吗,其它
再见,其它
好嘞嗯,其它
你怎么什么都不懂,客服不专业
已经在用,其它
请说,其它
嗯好嘞,其它
再想想,考虑
不太方便,其它
可以接现金吗,询问贷款现金
好的好嘞,其它
还有其他的产品吗,客服不专业
正开会,其它
不是山东不是一直是幺零零八六吗它换成幺零零八五的,询问身份或来意
在忙,其它
就是怎么退款,询问如何还款
我很满意,其它
不会是骗子吧,是否真实
对什么事儿,其它
收下,其它
恩对,其它
还贷方式有哪些,询问如何还款
那那我暂时不需要谢谢谢谢谢谢,其它
好行的,其它
你这样也能做客服,客服不专业
对什么,其它
交一段时间又不交,其它
账号不会有安全问题吗,询问是否安全
直接使用,其它
恩不客气感谢来电再见,其它
你给到我度是多少,询问额度
咋回事,其它
刚才你等一下,其它
嗯我拨拨打这个,其它
我这边利息是多少,询问利息
我说你帮我介绍一下,解释省呗
别的都没,其它
没有的话怎么办吗,其它
你说慢我没听明白,其它
有些,其它
不对哦转到,其它
我看看再说,其它
我真的不需要谢谢,其它
安不安全,询问是否安全
就这样,其它
买吧,其它
你怎么说嘞我刚才没听见你说的钱也不太远,其它
恩好嘞,其它
你这边是哪里的,询问公司名称或地址
这里只是想问一下你这个,客户提意见
你说我不明白这个,其它
安全吗,询问是否安全
行你给我开通吧,其它
嗯我想刚才他说嘞,其它
什么意思办理什么,其它
也可以也是,其它
什么听不懂,询问身份或来意
好行行行,其它
最多贷多少,询问额度
中,其它
可以,其它
嗯到那你们在地区,询问公司名称或地址
其他产品逾期能申请吗,征信差或无资产
不激活,其它
那你说,其它
无法操作,其它
没有好就这样再见,其它
哦好的,其它
我现在想借款这样对比们查一下你查不到好处,公司优势
我二十多,其它
好到,其它
要房产证吗,提交材料
唉唉是,其它
我说你这边怎么借,提交材料
对对光宽带,其它
这边可以提现金吗,询问贷款现金
一届金是多少,询问利息
